{
    "loss": 2.1597378253936768,
    "accuracy": 0.7482014298439026
}